Method,Mean steps,Mean scans,Mean compromises,Wrong-compromise rate (episodes w/comp),Scan-to-comp ratio,Mean env reward,Mean correct compromises,Mean wrong compromises,Episodes counted
Reward Machine DQN,16.5498,13.5254,3.0244,0.22069642802218448,6.058333571292863,7.791020000000001,1.9845,1.0399,10000
Shaped DQN,15.8768,11.9305,3.9463,0.32236409043383835,4.9911065017946825,-3.612679999999999,1.8719,2.0744,10000
