env,config,mureward,rfinal,musuccess,sfinal,musteps,tfinal
Foundational,Baseline,18.080715555555557,18.069999999999997,0.8883087301587301,0.8833333333333334,7.70371746031746,7.633333333333334
Foundational,Shaped,19.122808333333335,19.325000000000003,0.987,1.0,6.691916666666668,6.749999999999999
Foundational,Reward Machine,17.992235634920636,17.7,0.8857452380952381,0.8666666666666666,7.595818253968254,8.0
Advanced,Baseline,-5.342005015872984,0.7666666666666936,0.8543649206349206,0.9333333333333332,21.568510476190475,17.333333333333332
Advanced,Shaped,-1.0299402539682223,2.308333333333331,0.9652652380952381,0.9500000000000002,13.831751746031747,13.58333333333333
Advanced,Reward Machine,10.352150428571429,9.251666666666681,0.9690690476190476,0.9666666666666665,14.962463968253969,15.816666666666668
